Source;Target;Type;Cookie;Secure
google.es;wikipedia.org;Directed;False;True
wikipedia.org;wikimedia.org;Directed;False;True
wikipedia.org;wikimedia.org;Directed;False;True
wikipedia.org;wikimedia.org;Directed;False;True
wikipedia.org;wikimedia.org;Directed;False;True
wikipedia.org;wikimedia.org;Directed;False;True
wikipedia.org;wikimedia.org;Directed;False;True
wikipedia.org;wikimedia.org;Directed;False;True
wikipedia.org;wikimedia.org;Directed;False;True
wikipedia.org;wikimedia.org;Directed;False;True
wikipedia.org;wikimedia.org;Directed;False;True
wikipedia.org;wikimedia.org;Directed;False;True
wikipedia.org;wikimedia.org;Directed;False;True
wikipedia.org;wikimedia.org;Directed;False;True
wikipedia.org;wikimedia.org;Directed;False;True
wikipedia.org;wikimedia.org;Directed;False;True
wikipedia.org;wikimedia.org;Directed;False;True
wikipedia.org;wikimedia.org;Directed;False;True
wikipedia.org;wikimedia.org;Directed;False;True
wikipedia.org;wikimedia.org;Directed;False;True
wikipedia.org;wikimedia.org;Directed;False;True
wikipedia.org;wikimedia.org;Directed;False;True
wikipedia.org;wikimedia.org;Directed;False;True
wikipedia.org;wikimedia.org;Directed;False;True
wikipedia.org;wikimedia.org;Directed;False;True
wikipedia.org;wikimedia.org;Directed;False;True
wikipedia.org;wikimedia.org;Directed;False;True
wikipedia.org;wikimedia.org;Directed;False;True
wikipedia.org;wikimedia.org;Directed;False;True
wikipedia.org;wikimedia.org;Directed;False;True
wikipedia.org;wikimedia.org;Directed;False;True
wikipedia.org;wikimedia.org;Directed;False;True
wikipedia.org;wikimedia.org;Directed;True;True
wikipedia.org;wikimedia.org;Directed;True;True
wikipedia.org;wikimedia.org;Directed;True;True
wikipedia.org;wikimedia.org;Directed;True;True
wikipedia.org;wikimedia.org;Directed;True;True
wikipedia.org;wikimedia.org;Directed;True;True
google.es;wikipedia.org;Directed;True;True
wikipedia.org;wikimedia.org;Directed;True;True
wikipedia.org;wikimedia.org;Directed;True;True
wikipedia.org;wikimedia.org;Directed;True;True
wikipedia.org;wikimedia.org;Directed;True;True
wikipedia.org;wikimedia.org;Directed;True;True
wikipedia.org;wikimedia.org;Directed;True;True
wikipedia.org;wikimedia.org;Directed;True;True
wikipedia.org;wikimedia.org;Directed;True;True
wikipedia.org;wikimedia.org;Directed;True;True
wikipedia.org;wikimedia.org;Directed;True;True
wikipedia.org;wikimedia.org;Directed;True;True
wikipedia.org;wikimedia.org;Directed;True;True
wikipedia.org;wikimedia.org;Directed;True;True
wikipedia.org;wikimedia.org;Directed;True;True
wikipedia.org;wikimedia.org;Directed;True;True
wikipedia.org;wikimedia.org;Directed;True;True
wikipedia.org;wikimedia.org;Directed;True;True
wikipedia.org;wikimedia.org;Directed;True;True
wikipedia.org;wikimedia.org;Directed;True;True
wikipedia.org;wikimedia.org;Directed;True;True
wikipedia.org;wikimedia.org;Directed;True;True
wikipedia.org;wikimedia.org;Directed;True;True
wikipedia.org;wikimedia.org;Directed;True;True
wikipedia.org;wikimedia.org;Directed;True;True
wikipedia.org;wikimedia.org;Directed;True;True
wikipedia.org;wikimedia.org;Directed;True;True
wikipedia.org;wikimedia.org;Directed;True;True
wikipedia.org;wikimedia.org;Directed;True;True
wikipedia.org;wikimedia.org;Directed;True;True
wikipedia.org;wikimedia.org;Directed;True;True
wikipedia.org;wikimedia.org;Directed;True;True
wikipedia.org;wikimedia.org;Directed;True;True
wikipedia.org;wikimedia.org;Directed;True;True
wikipedia.org;wikimedia.org;Directed;True;True
wikipedia.org;wikimedia.org;Directed;True;True
wikipedia.org;wikimedia.org;Directed;True;True
wikipedia.org;wikimedia.org;Directed;True;True
wikipedia.org;wikimedia.org;Directed;True;True
wikipedia.org;wikimedia.org;Directed;True;True
wikipedia.org;wikimedia.org;Directed;True;True
wikipedia.org;wikimedia.org;Directed;True;True
ucm.es;ajax.googleapis.com;Directed;False;False
ucm.es;twitter.com;Directed;True;False
ucm.es;twitter.com;Directed;True;True
ucm.es;google-analytics.com;Directed;False;True
twitter.com;twimg.com;Directed;False;True
ucm.es;google-analytics.com;Directed;False;True
ucm.es;google-analytics.com;Directed;False;True
ucm.es;ajax.googleapis.com;Directed;False;True
ucm.es;doubleclick.net;Directed;True;True
ucm.es;google-analytics.com;Directed;False;True
ucm.es;google.com;Directed;True;True
ucm.es;twitter.com;Directed;True;True
ucm.es;google-analytics.com;Directed;False;True
ucm.es;google-analytics.com;Directed;False;True
ucm.es;twitter.com;Directed;True;True
ucm.es;google-analytics.com;Directed;False;True
ucm.es;google-analytics.com;Directed;False;True
ucm.es;google.com;Directed;True;True
google.com;google.es;Directed;True;True
ucm.es;google-analytics.com;Directed;False;True
google.com;gstatic.com;Directed;True;True
google.com;gstatic.com;Directed;True;True
google.com;gstatic.com;Directed;True;True
google.com;gstatic.com;Directed;True;True
google.com;gstatic.com;Directed;True;True
google.com;gstatic.com;Directed;True;True
google.com;gstatic.com;Directed;True;True
google.com;gstatic.com;Directed;True;True
google.com;gstatic.com;Directed;True;True
google.com;gstatic.com;Directed;True;True
google.com;gstatic.com;Directed;True;True
google.com;gstatic.com;Directed;True;True
google.com;gstatic.com;Directed;True;True
google.com;gstatic.com;Directed;True;True
google.com;gstatic.com;Directed;True;True
google.com;gstatic.com;Directed;True;True
google.com;gstatic.com;Directed;True;True
google.com;gstatic.com;Directed;True;True
google.com;gstatic.com;Directed;True;True
google.com;gstatic.com;Directed;True;True
google.com;gstatic.com;Directed;True;True
google.com;googleusercontent.com;Directed;False;True
google.com;googleusercontent.com;Directed;False;True
google.com;ggpht.com;Directed;False;True
google.com;gstatic.com;Directed;True;True
google.com;gstatic.com;Directed;True;True
google.com;www.googleapis.com;Directed;False;True
google.com;gstatic.com;Directed;True;True
google.com;gstatic.com;Directed;True;True
google.com;fonts.googleapis.com;Directed;False;True
google.com;gstatic.com;Directed;True;True
google.com;gstatic.com;Directed;True;True
google.com;gstatic.com;Directed;True;True
google.com;gstatic.com;Directed;True;True
google.com;gstatic.com;Directed;True;True
google.com;gstatic.com;Directed;False;True
fonts.googleapis.com;gstatic.com;Directed;False;True
google.com;gstatic.com;Directed;True;True
google.com;googleusercontent.com;Directed;False;True
google.com;gstatic.com;Directed;True;True
google.com;gstatic.com;Directed;True;True
google.com;gstatic.com;Directed;True;True
google.com;gstatic.com;Directed;True;True
google.com;gstatic.com;Directed;True;True
google.com;gstatic.com;Directed;True;True
google.com;gstatic.com;Directed;True;True
google.com;gstatic.com;Directed;True;True
google.com;gstatic.com;Directed;True;True
google.com;googleusercontent.com;Directed;False;True
google.com;gstatic.com;Directed;True;True
google.com;gstatic.com;Directed;True;True
google.com;gstatic.com;Directed;True;True
google.com;gstatic.com;Directed;True;True
google.com;gstatic.com;Directed;True;True
google.com;gstatic.com;Directed;True;True
google.com;gstatic.com;Directed;True;True
google.com;gstatic.com;Directed;True;True
google.com;gstatic.com;Directed;True;True
google.com;gstatic.com;Directed;True;True
google.com;gstatic.com;Directed;True;True
google.com;gstatic.com;Directed;True;True
google.com;gstatic.com;Directed;True;True
google.com;gstatic.com;Directed;True;True
google.com;gstatic.com;Directed;False;True
google.com;gstatic.com;Directed;True;True
google.com;gstatic.com;Directed;True;True
google.com;gstatic.com;Directed;True;True
google.com;gstatic.com;Directed;True;True
google.com;gstatic.com;Directed;True;True
google.es;google.com;Directed;True;True
google.es;github.com;Directed;True;True
github.com;google-analytics.com;Directed;False;True
github.com;githubapp.com;Directed;False;True
github.com;google-analytics.com;Directed;False;True
github.com;githubapp.com;Directed;False;True
github.com;google-analytics.com;Directed;False;True
github.com;githubapp.com;Directed;False;True
github.com;avatars2.githubusercontent.com;Directed;False;True
github.com;avatars3.githubusercontent.com;Directed;False;True
github.com;avatars0.githubusercontent.com;Directed;False;True
github.com;google-analytics.com;Directed;False;True
github.com;google-analytics.com;Directed;False;True
github.com;githubapp.com;Directed;False;True
github.com;githubapp.com;Directed;False;True
github.com;google-analytics.com;Directed;False;True
github.com;githubapp.com;Directed;False;True
github.com;google-analytics.com;Directed;False;True
github.com;githubapp.com;Directed;False;True
github.com;google-analytics.com;Directed;False;True
github.com;githubapp.com;Directed;False;True
google.es;gstatic.com;Directed;True;True
google.es;google.com;Directed;True;True
google.es;urjc.es;Directed;False;True
urjc.es;cloudflare.com;Directed;True;True
urjc.es;google-analytics.com;Directed;False;True
urjc.es;doubleclick.net;Directed;True;True
urjc.es;cloudflare.com;Directed;True;True
urjc.es;cloudflare.com;Directed;True;True
urjc.es;addthis.com;Directed;True;True
urjc.es;google-analytics.com;Directed;False;True
urjc.es;addthis.com;Directed;True;True
urjc.es;addthisedge.com;Directed;False;True
urjc.es;addthis.com;Directed;True;True
urjc.es;addthis.com;Directed;False;True
urjc.es;addthis.com;Directed;True;True
addthis.com;addthisedge.com;Directed;False;True
urjc.es;addthis.com;Directed;True;True
addthis.com;bluekai.com;Directed;True;True
bluekai.com;addthis.com;Directed;True;True
bluekai.com;doubleclick.net;Directed;True;True
urjc.es;addthis.com;Directed;True;True
google.es;gstatic.com;Directed;True;True
google.es;google.com;Directed;True;True
google.es;google.com;Directed;True;True
google.es;google.com;Directed;True;True
google.es;google.com;Directed;True;True
google.es;google.com;Directed;True;True
google.es;google.com;Directed;True;True
google.es;googleadservices.com;Directed;False;True
google.es;uax.es;Directed;False;False
google.es;uax.es;Directed;False;False
google.es;uax.es;Directed;True;False
uax.es;serving-sys.com;Directed;True;True
uax.es;zencdn.net;Directed;False;True
uax.es;zencdn.net;Directed;False;True
uax.es;googletagmanager.com;Directed;False;False
uax.es;twimg.com;Directed;False;True
uax.es;serving-sys.com;Directed;False;True
uax.es;gstatic.com;Directed;True;False
uax.es;googleadservices.com;Directed;False;False
uax.es;hotjar.com;Directed;False;False
uax.es;google-analytics.com;Directed;False;True
uax.es;gstatic.com;Directed;True;False
uax.es;serving-sys.com;Directed;False;True
uax.es;googleadservices.com;Directed;True;True
uax.es;google-analytics.com;Directed;False;True
uax.es;youtube.com;Directed;True;True
uax.es;youtube.com;Directed;True;True
uax.es;doubleclick.net;Directed;True;True
uax.es;google.es;Directed;True;True
uax.es;google.com;Directed;True;True
uax.es;hotjar.com;Directed;False;True
uax.es;hotjar.com;Directed;False;True
uax.es;ytimg.com;Directed;False;True
uax.es;serving-sys.com;Directed;True;True
uax.es;mathtag.com;Directed;True;False
youtube.com;ytimg.com;Directed;False;True
uax.es;mathtag.com;Directed;True;False
uax.es;google-analytics.com;Directed;False;True
uax.es;serving-sys.com;Directed;True;True
uax.es;zencdn.net;Directed;False;True
uax.es;zencdn.net;Directed;False;True
uax.es;googletagmanager.com;Directed;False;False
uax.es;twimg.com;Directed;False;True
uax.es;serving-sys.com;Directed;False;True
uax.es;youtube.com;Directed;True;True
uax.es;youtube.com;Directed;True;True
uax.es;googleadservices.com;Directed;False;False
uax.es;hotjar.com;Directed;False;False
uax.es;google-analytics.com;Directed;False;True
uax.es;gstatic.com;Directed;True;False
uax.es;serving-sys.com;Directed;False;True
uax.es;google-analytics.com;Directed;False;True
uax.es;gstatic.com;Directed;True;False
uax.es;ytimg.com;Directed;False;True
uax.es;hotjar.com;Directed;False;True
uax.es;doubleclick.net;Directed;True;True
uax.es;google-analytics.com;Directed;False;True
uax.es;hotjar.com;Directed;False;True
uax.es;serving-sys.com;Directed;True;True
uax.es;google.es;Directed;True;True
uax.es;google.com;Directed;True;True
uax.es;facebook.net;Directed;False;True
uax.es;mathtag.com;Directed;True;False
uax.es;facebook.net;Directed;False;True
uax.es;mathtag.com;Directed;True;False
uax.es;mathtag.com;Directed;True;False
uax.es;facebook.com;Directed;True;True
uax.es;facebook.com;Directed;True;True
uax.es;facebook.com;Directed;True;True
uax.es;facebook.com;Directed;True;True
mathtag.com;doubleclick.net;Directed;True;False
youtube.com;google.com;Directed;True;True
youtube.com;gstatic.com;Directed;False;True
youtube.com;gstatic.com;Directed;False;True
youtube.com;ytimg.com;Directed;False;True
mathtag.com;bidswitch.net;Directed;True;False
mathtag.com;criteo.com;Directed;True;False
uax.es;maps.googleapis.com;Directed;False;True
uax.es;google-analytics.com;Directed;False;True
mathtag.com;bluekai.com;Directed;True;False
mathtag.com;bluekai.com;Directed;True;False
mathtag.com;semasio.net;Directed;True;False
mathtag.com;exelator.com;Directed;True;False
mathtag.com;agkn.com;Directed;True;False
mathtag.com;media.net;Directed;True;False
mathtag.com;lijit.com;Directed;True;False
uax.es;maps.googleapis.com;Directed;False;True
uax.es;maps.googleapis.com;Directed;False;True
mathtag.com;addthis.com;Directed;True;False
uax.es;maps.googleapis.com;Directed;False;True
mathtag.com;doubleclick.net;Directed;True;False
uax.es;maps.googleapis.com;Directed;False;True
mathtag.com;gssprt.jp;Directed;True;False
uax.es;maps.googleapis.com;Directed;False;True
uax.es;maps.googleapis.com;Directed;False;True
mathtag.com;exelator.com;Directed;True;False
uax.es;maps.googleapis.com;Directed;False;True
uax.es;gstatic.com;Directed;True;True
uax.es;maps.googleapis.com;Directed;False;True
uax.es;maps.googleapis.com;Directed;False;True
mathtag.com;doubleclick.net;Directed;True;True
uax.es;gstatic.com;Directed;True;True
uax.es;fonts.googleapis.com;Directed;False;True
uax.es;gstatic.com;Directed;True;True
mathtag.com;bluekai.com;Directed;True;False
uax.es;gstatic.com;Directed;True;True
uax.es;gstatic.com;Directed;True;True
uax.es;gstatic.com;Directed;True;True
uax.es;gstatic.com;Directed;True;True
uax.es;gstatic.com;Directed;True;True
uax.es;gstatic.com;Directed;True;True
uax.es;gstatic.com;Directed;True;True
uax.es;gstatic.com;Directed;True;True
uax.es;maps.googleapis.com;Directed;False;True
uax.es;maps.googleapis.com;Directed;False;True
uax.es;maps.googleapis.com;Directed;False;True
uax.es;gstatic.com;Directed;True;True
uax.es;maps.googleapis.com;Directed;False;True
uax.es;gstatic.com;Directed;True;True
uax.es;gstatic.com;Directed;True;True
uax.es;maps.googleapis.com;Directed;False;True
uax.es;maps.googleapis.com;Directed;False;True
uax.es;maps.googleapis.com;Directed;False;True
uax.es;maps.googleapis.com;Directed;False;True
uax.es;maps.googleapis.com;Directed;False;True
uax.es;gstatic.com;Directed;True;True
uax.es;maps.googleapis.com;Directed;False;True
uax.es;gstatic.com;Directed;True;True
uax.es;gstatic.com;Directed;True;True
uax.es;maps.googleapis.com;Directed;False;True
uax.es;zencdn.net;Directed;False;False
uax.es;zencdn.net;Directed;False;False
uax.es;youtube.com;Directed;True;True
uax.es;youtube.com;Directed;True;True
uax.es;serving-sys.com;Directed;False;True
uax.es;doubleclick.net;Directed;True;True
youtube.com;ytimg.com;Directed;False;True
uax.es;google.es;Directed;True;True
uax.es;google.com;Directed;True;True
uax.es;serving-sys.com;Directed;True;True
uax.es;mathtag.com;Directed;True;False
uax.es;mathtag.com;Directed;True;False
uax.es;mathtag.com;Directed;True;False
uax.es;mathtag.com;Directed;True;False
uax.es;mathtag.com;Directed;True;False
uax.es;facebook.com;Directed;True;True
uax.es;mathtag.com;Directed;True;False
uax.es;google-analytics.com;Directed;False;True
uax.es;mathtag.com;Directed;True;False
uax.es;mathtag.com;Directed;True;False
uax.es;mathtag.com;Directed;True;False
uax.es;gstatic.com;Directed;True;True
uax.es;gstatic.com;Directed;True;True
uax.es;facebook.com;Directed;True;True
mathtag.com;semasio.net;Directed;True;False
mathtag.com;criteo.com;Directed;True;False
mathtag.com;lijit.com;Directed;True;False
mathtag.com;bidswitch.net;Directed;True;False
mathtag.com;media.net;Directed;True;False
mathtag.com;bluekai.com;Directed;True;False
mathtag.com;bluekai.com;Directed;True;False
mathtag.com;exelator.com;Directed;True;False
mathtag.com;addthis.com;Directed;True;False
mathtag.com;agkn.com;Directed;True;False
mathtag.com;agkn.com;Directed;True;False
mathtag.com;criteo.com;Directed;True;False
mathtag.com;semasio.net;Directed;True;False
mathtag.com;bidswitch.net;Directed;True;False
mathtag.com;sharethis.com;Directed;True;False
mathtag.com;lijit.com;Directed;True;False
mathtag.com;agkn.com;Directed;True;False
mathtag.com;addthis.com;Directed;True;False
mathtag.com;gssprt.jp;Directed;True;False
mathtag.com;bidswitch.net;Directed;True;False
mathtag.com;exelator.com;Directed;True;False
mathtag.com;agkn.com;Directed;True;False
mathtag.com;media.net;Directed;True;False
mathtag.com;bluekai.com;Directed;True;False
mathtag.com;exelator.com;Directed;True;False
mathtag.com;semasio.net;Directed;True;False
mathtag.com;exelator.com;Directed;True;False
mathtag.com;ibillboard.com;Directed;True;False
uax.es;maps.googleapis.com;Directed;False;True
uax.es;maps.googleapis.com;Directed;False;True
uax.es;youtube.com;Directed;True;True
uax.es;youtube.com;Directed;True;True
uax.es;doubleclick.net;Directed;True;True
uax.es;google-analytics.com;Directed;False;True
uax.es;serving-sys.com;Directed;True;True
google.es;google.com;Directed;True;True
google.es;google.com;Directed;True;True
google.es;instagram.com;Directed;True;True
instagram.com;facebook.net;Directed;False;True
instagram.com;facebook.net;Directed;False;True
instagram.com;facebook.com;Directed;True;True
instagram.com;facebook.com;Directed;True;True
instagram.com;facebook.com;Directed;True;True
instagram.com;facebook.com;Directed;True;True
instagram.com;cdninstagram.com;Directed;False;True
google.es;google.com;Directed;True;True
google.es;instagram.com;Directed;True;True
instagram.com;facebook.com;Directed;True;True
instagram.com;facebook.com;Directed;True;True
instagram.com;facebook.com;Directed;True;True
instagram.com;facebook.com;Directed;True;True
instagram.com;facebook.com;Directed;True;True
instagram.com;cdninstagram.com;Directed;False;True
instagram.com;cdninstagram.com;Directed;False;True
instagram.com;cdninstagram.com;Directed;False;True
instagram.com;cdninstagram.com;Directed;False;True
instagram.com;cdninstagram.com;Directed;False;True
instagram.com;facebook.net;Directed;False;True
instagram.com;cdninstagram.com;Directed;False;True
instagram.com;cdninstagram.com;Directed;False;True
instagram.com;cdninstagram.com;Directed;False;True
instagram.com;facebook.com;Directed;True;True
instagram.com;facebook.com;Directed;True;True
instagram.com;facebook.com;Directed;True;True
instagram.com;cdninstagram.com;Directed;False;True
instagram.com;cdninstagram.com;Directed;False;True
instagram.com;cdninstagram.com;Directed;False;True
instagram.com;cdninstagram.com;Directed;False;True
instagram.com;cdninstagram.com;Directed;False;True
instagram.com;facebook.com;Directed;True;True
instagram.com;cdninstagram.com;Directed;False;True
instagram.com;cdninstagram.com;Directed;False;True
instagram.com;facebook.com;Directed;True;True
instagram.com;facebook.com;Directed;True;True
instagram.com;cdninstagram.com;Directed;False;True
instagram.com;cdninstagram.com;Directed;False;True
instagram.com;facebook.com;Directed;True;True
instagram.com;cdninstagram.com;Directed;False;True
instagram.com;cdninstagram.com;Directed;False;True
instagram.com;facebook.com;Directed;True;True
instagram.com;cdninstagram.com;Directed;False;True
instagram.com;facebook.com;Directed;True;True
instagram.com;facebook.com;Directed;True;True
instagram.com;cdninstagram.com;Directed;False;True
instagram.com;facebook.com;Directed;True;True
instagram.com;cdninstagram.com;Directed;False;True
instagram.com;cdninstagram.com;Directed;False;True
instagram.com;cdninstagram.com;Directed;False;True
instagram.com;cdninstagram.com;Directed;False;True
instagram.com;cdninstagram.com;Directed;False;True
instagram.com;cdninstagram.com;Directed;False;True
instagram.com;cdninstagram.com;Directed;False;True
instagram.com;cdninstagram.com;Directed;False;True
instagram.com;facebook.com;Directed;True;True
instagram.com;cdninstagram.com;Directed;False;True
instagram.com;cdninstagram.com;Directed;False;True
instagram.com;cdninstagram.com;Directed;False;True
instagram.com;facebook.com;Directed;True;True
instagram.com;cdninstagram.com;Directed;False;True
instagram.com;facebook.com;Directed;True;True
instagram.com;cdninstagram.com;Directed;False;True
instagram.com;facebook.com;Directed;True;True
instagram.com;cdninstagram.com;Directed;False;True
instagram.com;cdninstagram.com;Directed;False;True
twitter.com;twimg.com;Directed;False;True
twitter.com;twimg.com;Directed;False;True
twitter.com;twimg.com;Directed;False;True
twitter.com;twimg.com;Directed;False;True
twitter.com;twimg.com;Directed;False;True
twitter.com;twimg.com;Directed;False;True
twitter.com;twimg.com;Directed;False;True
twitter.com;twimg.com;Directed;False;True
twitter.com;twimg.com;Directed;False;True
twitter.com;twimg.com;Directed;False;True
twitter.com;twimg.com;Directed;False;True
twitter.com;twimg.com;Directed;False;True
twitter.com;twimg.com;Directed;False;True
twitter.com;twimg.com;Directed;False;True
twitter.com;twimg.com;Directed;False;True
twitter.com;twimg.com;Directed;False;True
twitter.com;twimg.com;Directed;False;True
twitter.com;twimg.com;Directed;False;True
twitter.com;twimg.com;Directed;False;True
twitter.com;twimg.com;Directed;False;True
twitter.com;twimg.com;Directed;False;True
twitter.com;twimg.com;Directed;False;True
twitter.com;twimg.com;Directed;False;True
twitter.com;twimg.com;Directed;False;True
twitter.com;twimg.com;Directed;False;True
twitter.com;twimg.com;Directed;False;True
twitter.com;twimg.com;Directed;False;True
twitter.com;twimg.com;Directed;False;True
twitter.com;twimg.com;Directed;False;True
twitter.com;twimg.com;Directed;False;True
twitter.com;twimg.com;Directed;False;True
twitter.com;twimg.com;Directed;False;True
twitter.com;twimg.com;Directed;False;True
twitter.com;twimg.com;Directed;False;True
twitter.com;twimg.com;Directed;False;True
twitter.com;twimg.com;Directed;False;True
twitter.com;twimg.com;Directed;False;True
twitter.com;twimg.com;Directed;False;True
twitter.com;twimg.com;Directed;False;True
twitter.com;twimg.com;Directed;False;True
twitter.com;twimg.com;Directed;False;True
twitter.com;twimg.com;Directed;False;True
twitter.com;twimg.com;Directed;False;True
twitter.com;twimg.com;Directed;False;True
twitter.com;twimg.com;Directed;False;True
twitter.com;twimg.com;Directed;False;True
twitter.com;twimg.com;Directed;False;True
twitter.com;twimg.com;Directed;False;True
twitter.com;twimg.com;Directed;False;True
twitter.com;twimg.com;Directed;False;True
twitter.com;twimg.com;Directed;False;True
twitter.com;twimg.com;Directed;False;True
twitter.com;twimg.com;Directed;False;True
twitter.com;twimg.com;Directed;False;True
twitter.com;twimg.com;Directed;False;True
twitter.com;twimg.com;Directed;False;True
twitter.com;twimg.com;Directed;False;True
twitter.com;twimg.com;Directed;False;True
twitter.com;twimg.com;Directed;False;True
twitter.com;twimg.com;Directed;False;True
twitter.com;twimg.com;Directed;False;True
twitter.com;twimg.com;Directed;False;True
twitter.com;twimg.com;Directed;False;True
twitter.com;twimg.com;Directed;False;True
twitter.com;twimg.com;Directed;False;True
twitter.com;twimg.com;Directed;False;True
twitter.com;twimg.com;Directed;False;True
twitter.com;twimg.com;Directed;False;True
twitter.com;twimg.com;Directed;False;True
twitter.com;twimg.com;Directed;False;True
twitter.com;twimg.com;Directed;False;True
twitter.com;twimg.com;Directed;False;True
twitter.com;twimg.com;Directed;False;True
twitter.com;twimg.com;Directed;False;True
twitter.com;twimg.com;Directed;False;True
twitter.com;twimg.com;Directed;False;True
twitter.com;twimg.com;Directed;False;True
twitter.com;twimg.com;Directed;False;True
twitter.com;twimg.com;Directed;False;True
twitter.com;twimg.com;Directed;False;True
twitter.com;twimg.com;Directed;False;True
twitter.com;twimg.com;Directed;False;True
twitter.com;twimg.com;Directed;False;True
twitter.com;twimg.com;Directed;False;True
twitter.com;twimg.com;Directed;False;True
twitter.com;twimg.com;Directed;False;True
twitter.com;twimg.com;Directed;False;True
twitter.com;twimg.com;Directed;False;True
twitter.com;twimg.com;Directed;False;True
twitter.com;twimg.com;Directed;False;True
twitter.com;twimg.com;Directed;False;True
twitter.com;twimg.com;Directed;False;True
twitter.com;twimg.com;Directed;False;True
twitter.com;twimg.com;Directed;False;True
twitter.com;twimg.com;Directed;False;True
twitter.com;twimg.com;Directed;False;True
twitter.com;twimg.com;Directed;False;True
twitter.com;twimg.com;Directed;False;True
twitter.com;twimg.com;Directed;False;True
twitter.com;twimg.com;Directed;False;True
twitter.com;twimg.com;Directed;False;True
twitter.com;twimg.com;Directed;False;True
twitter.com;twimg.com;Directed;False;True
twitter.com;twimg.com;Directed;False;True
twitter.com;twimg.com;Directed;False;True
twitter.com;twimg.com;Directed;False;True
twitter.com;twimg.com;Directed;False;True
twitter.com;twimg.com;Directed;False;True
twitter.com;twimg.com;Directed;False;True
twitter.com;twimg.com;Directed;False;True
twitter.com;twimg.com;Directed;False;True
twitter.com;twimg.com;Directed;False;True
twitter.com;twimg.com;Directed;False;True
twitter.com;twimg.com;Directed;False;True
twitter.com;twimg.com;Directed;False;True
twitter.com;twimg.com;Directed;False;True
twitter.com;twimg.com;Directed;False;True
twitter.com;twimg.com;Directed;False;True
twitter.com;twimg.com;Directed;False;True
twitter.com;twimg.com;Directed;False;True
twitter.com;twimg.com;Directed;False;True
twitter.com;twimg.com;Directed;False;True
twitter.com;twimg.com;Directed;False;True
twitter.com;twimg.com;Directed;False;True
twitter.com;twimg.com;Directed;False;True
twitter.com;twimg.com;Directed;False;True
twitter.com;twimg.com;Directed;False;True
twitter.com;twimg.com;Directed;False;True
twitter.com;twimg.com;Directed;False;True
twitter.com;twimg.com;Directed;False;True
twitter.com;twimg.com;Directed;False;True
twitter.com;twimg.com;Directed;False;True
twitter.com;twimg.com;Directed;False;True
twitter.com;twimg.com;Directed;False;True
twitter.com;twimg.com;Directed;False;True
twitter.com;twimg.com;Directed;False;True
twitter.com;doubleclick.net;Directed;True;True
twitter.com;twimg.com;Directed;False;True
twitter.com;twimg.com;Directed;False;True
twitter.com;twimg.com;Directed;False;True
twitter.com;twimg.com;Directed;False;True
twitter.com;twimg.com;Directed;False;True
twitter.com;google-analytics.com;Directed;False;True
twitter.com;google-analytics.com;Directed;False;True
twitter.com;twimg.com;Directed;False;True
twitter.com;twimg.com;Directed;False;True
twitter.com;twimg.com;Directed;False;True
twitter.com;twimg.com;Directed;False;True
twitter.com;twimg.com;Directed;False;True
twitter.com;twimg.com;Directed;False;True
google.es;google.com;Directed;True;True
google.es;googleadservices.com;Directed;False;True
google.es;facebook.com;Directed;True;True
google.es;facebook.com;Directed;True;True
facebook.com;fbcdn.net;Directed;False;True
facebook.com;fbcdn.net;Directed;False;True
facebook.com;fbcdn.net;Directed;False;True
facebook.com;fbcdn.net;Directed;False;True
facebook.com;fbcdn.net;Directed;False;True
facebook.com;fbcdn.net;Directed;False;True
facebook.com;fbcdn.net;Directed;False;True
facebook.com;fbcdn.net;Directed;False;True
facebook.com;fbcdn.net;Directed;False;True
facebook.com;fbcdn.net;Directed;False;True
facebook.com;fbcdn.net;Directed;False;True
facebook.com;fbcdn.net;Directed;False;True
facebook.com;fbcdn.net;Directed;False;True
facebook.com;fbcdn.net;Directed;False;True
facebook.com;fbcdn.net;Directed;False;True
facebook.com;fbcdn.net;Directed;False;True
facebook.com;fbcdn.net;Directed;False;True
facebook.com;fbcdn.net;Directed;False;True
facebook.com;fbcdn.net;Directed;False;True
facebook.com;fbcdn.net;Directed;False;True
facebook.com;fbcdn.net;Directed;False;True
facebook.com;fbcdn.net;Directed;False;True
facebook.com;fbcdn.net;Directed;False;True
facebook.com;fbcdn.net;Directed;False;True
facebook.com;fbcdn.net;Directed;False;True
facebook.com;fbcdn.net;Directed;False;True
facebook.com;fbcdn.net;Directed;False;True
facebook.com;fbcdn.net;Directed;False;True
facebook.com;fbcdn.net;Directed;False;True
facebook.com;fbcdn.net;Directed;False;True
facebook.com;fbcdn.net;Directed;False;True
facebook.com;fbcdn.net;Directed;False;True
facebook.com;fbcdn.net;Directed;False;True
facebook.com;fbcdn.net;Directed;False;True
facebook.com;fbcdn.net;Directed;False;True
facebook.com;fbcdn.net;Directed;False;True
facebook.com;fbcdn.net;Directed;False;True
facebook.com;fbcdn.net;Directed;False;True
facebook.com;fbcdn.net;Directed;False;True
facebook.com;fbcdn.net;Directed;False;True
facebook.com;fbcdn.net;Directed;False;True
facebook.com;fbcdn.net;Directed;False;True
facebook.com;fbcdn.net;Directed;False;True
facebook.com;fbcdn.net;Directed;False;True
facebook.com;fbcdn.net;Directed;False;True
facebook.com;fbcdn.net;Directed;False;True
facebook.com;fbcdn.net;Directed;False;True
facebook.com;fbcdn.net;Directed;False;True
facebook.com;fbcdn.net;Directed;False;True
facebook.com;fbcdn.net;Directed;False;True
facebook.com;fbcdn.net;Directed;False;True
facebook.com;fbcdn.net;Directed;False;True
facebook.com;fbcdn.net;Directed;False;True
facebook.com;fbcdn.net;Directed;False;True
facebook.com;fbcdn.net;Directed;False;True
facebook.com;fbcdn.net;Directed;False;True
facebook.com;fbcdn.net;Directed;False;True
facebook.com;fbcdn.net;Directed;False;True
facebook.com;fbcdn.net;Directed;False;True
facebook.com;fbcdn.net;Directed;False;True
facebook.com;fbcdn.net;Directed;False;True
facebook.com;fbcdn.net;Directed;False;True
facebook.com;fbcdn.net;Directed;False;True
facebook.com;fbcdn.net;Directed;False;True
facebook.com;fbcdn.net;Directed;False;True
facebook.com;fbcdn.net;Directed;False;True
facebook.com;fbcdn.net;Directed;False;True
facebook.com;fbcdn.net;Directed;False;True
facebook.com;fbcdn.net;Directed;False;True
facebook.com;fbcdn.net;Directed;False;True
facebook.com;fbcdn.net;Directed;False;True
facebook.com;fbcdn.net;Directed;False;True
facebook.com;fbcdn.net;Directed;False;True
facebook.com;fbcdn.net;Directed;False;True
facebook.com;fbcdn.net;Directed;False;True
facebook.com;fbcdn.net;Directed;False;True
facebook.com;fbcdn.net;Directed;False;True
facebook.com;fbcdn.net;Directed;False;True
facebook.com;fbcdn.net;Directed;False;True
facebook.com;fbcdn.net;Directed;False;True
facebook.com;fbcdn.net;Directed;False;True
facebook.com;fbcdn.net;Directed;False;True
facebook.com;fbcdn.net;Directed;False;True
facebook.com;fbcdn.net;Directed;False;True
facebook.com;fbcdn.net;Directed;False;True
facebook.com;fbcdn.net;Directed;False;True
facebook.com;fbcdn.net;Directed;False;True
facebook.com;fbcdn.net;Directed;False;True
facebook.com;fbcdn.net;Directed;False;True
facebook.com;fbcdn.net;Directed;False;True
facebook.com;fbcdn.net;Directed;False;True
facebook.com;fbcdn.net;Directed;False;True
facebook.com;fbcdn.net;Directed;False;True
facebook.com;fbcdn.net;Directed;False;True
facebook.com;fbcdn.net;Directed;False;True
facebook.com;fbcdn.net;Directed;False;True
facebook.com;fbcdn.net;Directed;False;True
facebook.com;fbcdn.net;Directed;False;True
facebook.com;fbcdn.net;Directed;False;True
facebook.com;fbcdn.net;Directed;False;True
facebook.com;fbcdn.net;Directed;False;True
facebook.com;fbcdn.net;Directed;False;True
facebook.com;fbcdn.net;Directed;False;True
facebook.com;fbcdn.net;Directed;False;True
facebook.com;fbcdn.net;Directed;False;True
facebook.com;fbcdn.net;Directed;False;True
facebook.com;fbcdn.net;Directed;False;True
facebook.com;fbcdn.net;Directed;False;True
facebook.com;fbcdn.net;Directed;False;True
facebook.com;fbcdn.net;Directed;False;True
facebook.com;fbcdn.net;Directed;False;True
facebook.com;fbcdn.net;Directed;False;True
facebook.com;fbcdn.net;Directed;False;True
facebook.com;fbcdn.net;Directed;False;True
facebook.com;fbcdn.net;Directed;False;True
facebook.com;fbcdn.net;Directed;False;True
facebook.com;fbcdn.net;Directed;False;True
facebook.com;fbcdn.net;Directed;False;True
facebook.com;fbcdn.net;Directed;False;True
facebook.com;fbcdn.net;Directed;False;True
facebook.com;fbcdn.net;Directed;False;True
facebook.com;fbcdn.net;Directed;False;True
facebook.com;fbcdn.net;Directed;False;True
facebook.com;fbcdn.net;Directed;False;True
facebook.com;fbcdn.net;Directed;False;True
facebook.com;fbcdn.net;Directed;False;True
facebook.com;fbcdn.net;Directed;False;True
facebook.com;fbcdn.net;Directed;False;True
facebook.com;fbcdn.net;Directed;False;True
facebook.com;fbcdn.net;Directed;False;True
facebook.com;fbcdn.net;Directed;False;True
facebook.com;fbcdn.net;Directed;False;True
facebook.com;fbcdn.net;Directed;False;True
facebook.com;fbcdn.net;Directed;False;True
facebook.com;fbcdn.net;Directed;False;True
facebook.com;fbcdn.net;Directed;False;True
facebook.com;fbcdn.net;Directed;False;True
facebook.com;fbcdn.net;Directed;False;True
facebook.com;fbcdn.net;Directed;False;True
facebook.com;fbcdn.net;Directed;False;True
facebook.com;fbcdn.net;Directed;False;True
facebook.com;fbsbx.com;Directed;False;True
facebook.com;fbcdn.net;Directed;False;True
facebook.com;fbcdn.net;Directed;False;True
facebook.com;fbcdn.net;Directed;False;True
facebook.com;fbcdn.net;Directed;False;True
facebook.com;fbcdn.net;Directed;False;True
facebook.com;fbcdn.net;Directed;False;True
facebook.com;fbcdn.net;Directed;False;True
facebook.com;fbcdn.net;Directed;False;True
facebook.com;fbcdn.net;Directed;False;True
facebook.com;fbcdn.net;Directed;False;True
facebook.com;fbcdn.net;Directed;False;True
facebook.com;fbcdn.net;Directed;False;True
facebook.com;fbcdn.net;Directed;False;True
facebook.com;fbcdn.net;Directed;False;True
facebook.com;fbcdn.net;Directed;False;True
facebook.com;fbcdn.net;Directed;False;True
facebook.com;fbcdn.net;Directed;False;True
facebook.com;fbcdn.net;Directed;False;True
facebook.com;fbcdn.net;Directed;False;True
facebook.com;fbcdn.net;Directed;False;True
facebook.com;fbcdn.net;Directed;False;True
facebook.com;fbcdn.net;Directed;False;True
facebook.com;fbcdn.net;Directed;False;True
facebook.com;fbcdn.net;Directed;False;True
facebook.com;fbcdn.net;Directed;False;True
facebook.com;fbcdn.net;Directed;False;True
facebook.com;fbcdn.net;Directed;False;True
facebook.com;fbcdn.net;Directed;False;True
facebook.com;fbcdn.net;Directed;False;True
facebook.com;fbcdn.net;Directed;False;True
facebook.com;fbcdn.net;Directed;False;True
facebook.com;fbcdn.net;Directed;False;True
facebook.com;fbcdn.net;Directed;False;True
facebook.com;fbcdn.net;Directed;False;True
facebook.com;fbcdn.net;Directed;False;True
facebook.com;facebook.net;Directed;False;True
facebook.com;fbcdn.net;Directed;False;True
facebook.com;fbcdn.net;Directed;False;True
facebook.com;fbcdn.net;Directed;False;True
facebook.com;fbcdn.net;Directed;False;True
facebook.com;fbcdn.net;Directed;False;True
facebook.com;fbcdn.net;Directed;False;True
facebook.com;fbcdn.net;Directed;False;True
facebook.com;fbcdn.net;Directed;False;True
facebook.com;fbcdn.net;Directed;False;True
facebook.com;fbcdn.net;Directed;False;True
facebook.com;fbcdn.net;Directed;False;True
facebook.com;fbcdn.net;Directed;False;True
facebook.com;fbcdn.net;Directed;False;True
facebook.com;fbcdn.net;Directed;False;True
facebook.com;fbcdn.net;Directed;False;True
facebook.com;fbcdn.net;Directed;False;True
facebook.com;fbcdn.net;Directed;False;True
facebook.com;fbcdn.net;Directed;False;True
facebook.com;fbcdn.net;Directed;False;True
facebook.com;fbcdn.net;Directed;False;True
facebook.com;fbcdn.net;Directed;False;True
facebook.com;fbcdn.net;Directed;False;True
facebook.com;fbcdn.net;Directed;False;True
facebook.com;fbcdn.net;Directed;False;True
facebook.com;fbcdn.net;Directed;False;True
facebook.com;fbcdn.net;Directed;False;True
facebook.com;fbcdn.net;Directed;False;True
facebook.com;fbcdn.net;Directed;False;True
facebook.com;fbcdn.net;Directed;False;True
facebook.com;fbcdn.net;Directed;False;True
facebook.com;fbcdn.net;Directed;False;True
facebook.com;fbcdn.net;Directed;False;True
facebook.com;fbcdn.net;Directed;False;True
facebook.com;fbcdn.net;Directed;False;True
facebook.com;fbcdn.net;Directed;False;True
facebook.com;fbcdn.net;Directed;False;True
facebook.com;fbcdn.net;Directed;False;True
facebook.com;fbcdn.net;Directed;False;True
facebook.com;fbcdn.net;Directed;False;True
facebook.com;fbcdn.net;Directed;False;True
facebook.com;fbcdn.net;Directed;False;True
facebook.com;fbcdn.net;Directed;False;True
facebook.com;fbcdn.net;Directed;False;True
facebook.com;fbcdn.net;Directed;False;True
facebook.com;fbcdn.net;Directed;False;True
facebook.com;fbcdn.net;Directed;False;True
facebook.com;fbcdn.net;Directed;False;True
facebook.com;fbcdn.net;Directed;False;True
facebook.com;fbcdn.net;Directed;False;True
facebook.com;fbcdn.net;Directed;False;True
facebook.com;fbcdn.net;Directed;False;True
facebook.com;fbcdn.net;Directed;False;True
facebook.com;fbcdn.net;Directed;False;True
facebook.com;fbcdn.net;Directed;False;True
facebook.com;fbcdn.net;Directed;False;True
facebook.com;fbcdn.net;Directed;False;True
facebook.com;fbcdn.net;Directed;False;True
facebook.com;fbcdn.net;Directed;False;True
facebook.com;fbcdn.net;Directed;False;True
facebook.com;fbcdn.net;Directed;False;True
facebook.com;fbcdn.net;Directed;False;True
facebook.com;atdmt.com;Directed;True;True
facebook.com;fbcdn.net;Directed;False;True
facebook.com;fbcdn.net;Directed;False;True
facebook.com;fbcdn.net;Directed;False;True
facebook.com;fbcdn.net;Directed;False;True
facebook.com;fbcdn.net;Directed;False;True
facebook.com;fbcdn.net;Directed;False;True
facebook.com;fbcdn.net;Directed;False;True
facebook.com;fbcdn.net;Directed;False;True
facebook.com;fbcdn.net;Directed;False;True
facebook.com;fbcdn.net;Directed;False;True
facebook.com;fbcdn.net;Directed;False;True
facebook.com;fbcdn.net;Directed;False;True
facebook.com;fbcdn.net;Directed;False;True
facebook.com;fbcdn.net;Directed;False;True
facebook.com;fbcdn.net;Directed;False;True
facebook.com;fbcdn.net;Directed;False;True
facebook.com;fbcdn.net;Directed;False;True
facebook.com;fbcdn.net;Directed;False;True
facebook.com;fbcdn.net;Directed;False;True
facebook.com;fbcdn.net;Directed;False;True
facebook.com;fbcdn.net;Directed;False;True
facebook.com;fbcdn.net;Directed;False;True
facebook.com;fbcdn.net;Directed;False;True
facebook.com;fbcdn.net;Directed;False;True
facebook.com;fbcdn.net;Directed;False;True
facebook.com;fbcdn.net;Directed;False;True
facebook.com;fbcdn.net;Directed;False;True
facebook.com;fbcdn.net;Directed;False;True
facebook.com;fbcdn.net;Directed;False;True
facebook.com;fbcdn.net;Directed;False;True
facebook.com;fbcdn.net;Directed;False;True
facebook.com;fbcdn.net;Directed;False;True
facebook.com;fbcdn.net;Directed;False;True
facebook.com;fbcdn.net;Directed;False;True
google.es;google.com;Directed;True;True
google.es;google.com;Directed;True;True
google.es;youtube.com;Directed;True;True
youtube.com;ytimg.com;Directed;False;True
youtube.com;ytimg.com;Directed;False;True
youtube.com;ytimg.com;Directed;False;True
youtube.com;ytimg.com;Directed;False;True
youtube.com;ytimg.com;Directed;False;True
youtube.com;ytimg.com;Directed;False;True
youtube.com;ytimg.com;Directed;False;True
youtube.com;fonts.googleapis.com;Directed;False;True
youtube.com;ytimg.com;Directed;False;True
youtube.com;ytimg.com;Directed;False;True
youtube.com;ytimg.com;Directed;False;True
youtube.com;ytimg.com;Directed;False;True
youtube.com;ytimg.com;Directed;False;True
youtube.com;ytimg.com;Directed;False;True
youtube.com;ytimg.com;Directed;False;True
youtube.com;ytimg.com;Directed;False;True
youtube.com;ytimg.com;Directed;False;True
youtube.com;ytimg.com;Directed;False;True
youtube.com;ytimg.com;Directed;False;True
youtube.com;ytimg.com;Directed;False;True
youtube.com;ytimg.com;Directed;False;True
youtube.com;ytimg.com;Directed;False;True
youtube.com;ytimg.com;Directed;False;True
youtube.com;ytimg.com;Directed;False;True
youtube.com;ggpht.com;Directed;False;True
youtube.com;ggpht.com;Directed;False;True
youtube.com;googlevideo.com;Directed;False;True
youtube.com;googlevideo.com;Directed;False;True
youtube.com;googlevideo.com;Directed;False;True
youtube.com;googlevideo.com;Directed;False;True
youtube.com;googlevideo.com;Directed;False;True
youtube.com;googlevideo.com;Directed;False;True
youtube.com;googleadservices.com;Directed;False;True
youtube.com;googlevideo.com;Directed;False;True
youtube.com;ggpht.com;Directed;False;True
youtube.com;ytimg.com;Directed;False;True
youtube.com;googlevideo.com;Directed;False;True
youtube.com;ytimg.com;Directed;False;True
youtube.com;ytimg.com;Directed;False;True
youtube.com;ytimg.com;Directed;False;True
youtube.com;doubleclick.net;Directed;True;True
youtube.com;googlevideo.com;Directed;False;True
youtube.com;ytimg.com;Directed;False;True
youtube.com;googlevideo.com;Directed;False;True
youtube.com;ytimg.com;Directed;False;True
youtube.com;ytimg.com;Directed;False;True
youtube.com;ytimg.com;Directed;False;True
youtube.com;ytimg.com;Directed;False;True
youtube.com;ytimg.com;Directed;False;True
youtube.com;ytimg.com;Directed;False;True
youtube.com;google.com;Directed;True;True
google.com;ggpht.com;Directed;False;True
youtube.com;google.es;Directed;True;True
youtube.com;googlevideo.com;Directed;False;True
youtube.com;googlevideo.com;Directed;False;True
minijuegos.com;ytimg.com;Directed;False;True
minijuegos.com;ytimg.com;Directed;False;True
minijuegos.com;ytimg.com;Directed;False;True
minijuegos.com;ytimg.com;Directed;False;True
minijuegos.com;ytimg.com;Directed;False;True
minijuegos.com;ytimg.com;Directed;False;True
minijuegos.com;minijuegosgratis.com;Directed;True;False
minijuegos.com;ajax.googleapis.com;Directed;False;False
minijuegos.com;googlesyndication.com;Directed;False;False
minijuegos.com;googletagmanager.com;Directed;False;True
minijuegos.com;sascdn.com;Directed;False;True
minijuegos.com;minijuegosgratis.com;Directed;True;True
minijuegos.com;moosite.com;Directed;True;True
minijuegos.com;minijuegosgratis.com;Directed;True;True
minijuegos.com;minijuegosgratis.com;Directed;True;True
minijuegos.com;minijuegosgratis.com;Directed;True;True
minijuegosgratis.com;fonts.googleapis.com;Directed;False;True
minijuegos.com;minijuegosgratis.com;Directed;True;True
minijuegos.com;minijuegosgratis.com;Directed;True;True
minijuegos.com;minijuegosgratis.com;Directed;True;True
minijuegos.com;minijuegosgratis.com;Directed;True;True
minijuegos.com;minijuegosgratis.com;Directed;True;True
minijuegos.com;minijuegosgratis.com;Directed;True;True
minijuegos.com;minijuegosgratis.com;Directed;True;True
minijuegos.com;minijuegosgratis.com;Directed;True;True
minijuegos.com;minijuegosgratis.com;Directed;True;True
minijuegos.com;minijuegosgratis.com;Directed;True;True
minijuegos.com;minijuegosgratis.com;Directed;True;True
minijuegos.com;minijuegosgratis.com;Directed;True;True
minijuegos.com;minijuegosgratis.com;Directed;True;True
minijuegos.com;minijuegosgratis.com;Directed;True;True
minijuegos.com;minijuegosgratis.com;Directed;True;True
minijuegos.com;minijuegosgratis.com;Directed;True;True
minijuegos.com;minijuegosgratis.com;Directed;True;True
minijuegos.com;minijuegosgratis.com;Directed;True;True
minijuegos.com;minijuegosgratis.com;Directed;True;True
minijuegos.com;minijuegosgratis.com;Directed;True;True
minijuegos.com;minijuegosgratis.com;Directed;True;True
minijuegos.com;minijuegosgratis.com;Directed;True;True
minijuegos.com;minijuegosgratis.com;Directed;True;True
minijuegos.com;minijuegosgratis.com;Directed;True;True
minijuegos.com;minijuegosgratis.com;Directed;True;True
minijuegos.com;minijuegosgratis.com;Directed;True;True
minijuegos.com;minijuegosgratis.com;Directed;True;True
minijuegos.com;minijuegosgratis.com;Directed;True;True
minijuegos.com;minijuegosgratis.com;Directed;True;True
minijuegos.com;minijuegosgratis.com;Directed;True;True
minijuegos.com;minijuegosgratis.com;Directed;True;True
minijuegos.com;minijuegosgratis.com;Directed;True;True
minijuegos.com;minijuegosgratis.com;Directed;True;True
minijuegos.com;minijuegosgratis.com;Directed;True;True
minijuegos.com;minijuegosgratis.com;Directed;True;True
minijuegos.com;minijuegosgratis.com;Directed;True;True
minijuegos.com;minijuegosgratis.com;Directed;True;True
minijuegos.com;minijuegosgratis.com;Directed;True;True
minijuegos.com;minijuegosgratis.com;Directed;True;True
minijuegos.com;minijuegosgratis.com;Directed;True;True
minijuegos.com;minijuegosgratis.com;Directed;True;True
minijuegos.com;minijuegosgratis.com;Directed;True;True
minijuegos.com;minijuegosgratis.com;Directed;True;True
minijuegos.com;minijuegosgratis.com;Directed;True;True
minijuegos.com;minijuegosgratis.com;Directed;True;True
minijuegos.com;minijuegosgratis.com;Directed;True;True
minijuegos.com;pingdom.net;Directed;True;False
minijuegos.com;minijuegosgratis.com;Directed;True;True
minijuegos.com;scorecardresearch.com;Directed;True;False
minijuegos.com;minijuegosgratis.com;Directed;True;True
minijuegos.com;minijuegosgratis.com;Directed;True;True
minijuegos.com;minijuegosgratis.com;Directed;True;True
minijuegos.com;minijuegosgratis.com;Directed;True;True
minijuegos.com;minijuegosgratis.com;Directed;True;True
minijuegos.com;minijuegosgratis.com;Directed;True;True
minijuegos.com;minijuegosgratis.com;Directed;True;True
minijuegos.com;minijuegosgratis.com;Directed;True;True
minijuegos.com;scorecardresearch.com;Directed;True;False
minijuegos.com;minijuegosgratis.com;Directed;True;True
minijuegos.com;minijuegosgratis.com;Directed;True;True
minijuegos.com;facebook.com;Directed;True;True
minijuegos.com;minijuegosgratis.com;Directed;True;True
minijuegos.com;minijuegosgratis.com;Directed;True;True
minijuegos.com;dnn506yrbagrg.cloudfront.net;Directed;False;False
minijuegos.com;minijuegosgratis.com;Directed;True;True
minijuegos.com;minijuegosgratis.com;Directed;True;True
minijuegos.com;minijuegosgratis.com;Directed;True;True
minijuegos.com;minijuegosgratis.com;Directed;True;True
minijuegos.com;minijuegosgratis.com;Directed;True;True
minijuegos.com;minijuegosgratis.com;Directed;True;True
minijuegos.com;minijuegosgratis.com;Directed;True;True
minijuegos.com;minijuegosgratis.com;Directed;True;True
minijuegos.com;smartadserver.com;Directed;True;False
minijuegos.com;google-analytics.com;Directed;False;True
minijuegos.com;facebook.net;Directed;False;True
minijuegos.com;smartadserver.com;Directed;True;False
minijuegos.com;facebook.net;Directed;False;True
minijuegos.com;google.es;Directed;True;True
minijuegos.com;createjs.com;Directed;False;True
minijuegos.com;addevweb.com;Directed;False;False
minijuegos.com;moosite.com;Directed;True;True
minijuegos.com;smartadserver.com;Directed;True;False
minijuegos.com;smartadserver.com;Directed;True;False
minijuegos.com;facebook.com;Directed;True;True
minijuegos.com;minijuegosgratis.com;Directed;True;True
minijuegos.com;moosite.com;Directed;True;True
minijuegos.com;googletagmanager.com;Directed;False;True
minijuegos.com;scorecardresearch.com;Directed;True;False
minijuegos.com;facebook.com;Directed;True;True
minijuegos.com;google.com;Directed;True;True
minijuegos.com;facebook.com;Directed;True;True
minijuegos.com;doubleclick.net;Directed;True;True
minijuegos.com;sascdn.com;Directed;False;False
minijuegos.com;smartadserver.com;Directed;True;False
minijuegos.com;sascdn.com;Directed;False;False
minijuegos.com;spotxchange.com;Directed;True;False
minijuegos.com;googletagservices.com;Directed;False;True
minijuegos.com;agkn.com;Directed;True;True
minijuegos.com;sascdn.com;Directed;False;False
minijuegos.com;google.com;Directed;True;True
minijuegos.com;google.es;Directed;True;True
minijuegos.com;sascdn.com;Directed;False;False
minijuegos.com;sascdn.com;Directed;False;False
minijuegos.com;google.es;Directed;True;True
smartadserver.com;sascdn.com;Directed;False;False
minijuegos.com;doubleclick.net;Directed;True;False
minijuegos.com;agkn.com;Directed;True;False
minijuegos.com;doubleclick.net;Directed;True;True
minijuegos.com;google.es;Directed;True;True
smartadserver.com;mathtag.com;Directed;True;False
minijuegos.com;googlesyndication.com;Directed;False;False
minijuegos.com;google.com;Directed;True;True
minijuegos.com;addevweb.com;Directed;False;True
minijuegos.com;doubleclick.net;Directed;True;True
minijuegos.com;addevweb.com;Directed;False;True
minijuegos.com;spotxchange.com;Directed;True;False
minijuegos.com;weborama.fr;Directed;True;True
minijuegos.com;googlesyndication.com;Directed;False;False
minijuegos.com;google.es;Directed;True;True
smartadserver.com;mathtag.com;Directed;True;False
minijuegos.com;google.com;Directed;True;True
minijuegos.com;addevweb.com;Directed;False;True
minijuegos.com;addevweb.com;Directed;False;True
minijuegos.com;addevweb.com;Directed;False;True
smartadserver.com;bidswitch.net;Directed;True;False
minijuegos.com;doubleclick.net;Directed;True;True
minijuegos.com;doubleclick.net;Directed;True;True
minijuegos.com;doubleclick.net;Directed;True;True
minijuegos.com;doubleclick.net;Directed;True;True
smartadserver.com;quantserve.com;Directed;True;False
smartadserver.com;adsymptotic.com;Directed;True;False
smartadserver.com;powerlinks.com;Directed;True;False
smartadserver.com;quantserve.com;Directed;True;False
smartadserver.com;adition.com;Directed;True;False
smartadserver.com;openx.net;Directed;True;False
smartadserver.com;pubmatic.com;Directed;True;False
smartadserver.com;adotmob.com;Directed;True;False
smartadserver.com;gwallet.com;Directed;True;False
minijuegos.com;doubleclick.net;Directed;True;True
smartadserver.com;theadtech.com;Directed;False;False
smartadserver.com;contextweb.com;Directed;True;False
smartadserver.com;mediarithmics.com;Directed;False;False
smartadserver.com;tidaltv.com;Directed;True;False
smartadserver.com;adsrvr.org;Directed;True;False
minijuegos.com;doubleclick.net;Directed;True;True
smartadserver.com;bidswitch.net;Directed;True;False
minijuegos.com;googlesyndication.com;Directed;False;False
minijuegos.com;googlesyndication.com;Directed;False;True
minijuegos.com;googlesyndication.com;Directed;False;True
minijuegos.com;googlesyndication.com;Directed;False;True
doubleclick.net;googlesyndication.com;Directed;False;True
minijuegos.com;everesttech.net;Directed;True;False
smartadserver.com;powerlinks.com;Directed;True;False
smartadserver.com;theadtech.com;Directed;False;False
smartadserver.com;mediarithmics.com;Directed;False;False
smartadserver.com;contextweb.com;Directed;True;False
smartadserver.com;tidaltv.com;Directed;True;False
doubleclick.net;googlesyndication.com;Directed;False;True
smartadserver.com;openx.net;Directed;True;False
smartadserver.com;adotmob.com;Directed;True;False
agkn.com;adsrvr.org;Directed;True;False
minijuegos.com;googlesyndication.com;Directed;False;True
doubleclick.net;googlesyndication.com;Directed;False;True
doubleclick.net;googlesyndication.com;Directed;False;True
doubleclick.net;googlesyndication.com;Directed;False;True
smartadserver.com;powerlinks.com;Directed;True;False
smartadserver.com;gwallet.com;Directed;True;False
minijuegos.com;opaalopaa.com;Directed;False;False
doubleclick.net;googlesyndication.com;Directed;False;True
doubleclick.net;googlesyndication.com;Directed;False;True
smartadserver.com;adsymptotic.com;Directed;True;False
smartadserver.com;quantserve.com;Directed;True;False
smartadserver.com;quantserve.com;Directed;True;False
smartadserver.com;quantserve.com;Directed;True;False
smartadserver.com;adition.com;Directed;True;False
smartadserver.com;quantserve.com;Directed;True;False
smartadserver.com;cwkuki.com;Directed;False;False
smartadserver.com;adsrvr.org;Directed;True;False
smartadserver.com;id5-sync.com;Directed;False;False
smartadserver.com;upravel.com;Directed;True;False
agkn.com;mathtag.com;Directed;True;False
doubleclick.net;adnxs.com;Directed;True;True
smartadserver.com;adsymptotic.com;Directed;True;False
doubleclick.net;adnxs.com;Directed;True;True
pubmatic.com;doubleclick.net;Directed;True;False
pubmatic.com;mathtag.com;Directed;True;False
doubleclick.net;googlesyndication.com;Directed;False;True
pubmatic.com;adsrvr.org;Directed;True;False
pubmatic.com;bidswitch.net;Directed;True;False
minijuegos.com;360yield.com;Directed;True;True
pubmatic.com;smartadserver.com;Directed;True;False
pubmatic.com;mathtag.com;Directed;True;False
minijuegos.com;imasdk.googleapis.com;Directed;False;False
doubleclick.net;adnxs.com;Directed;True;True
pubmatic.com;rfihub.com;Directed;True;False
pubmatic.com;bluekai.com;Directed;True;False
pubmatic.com;bidtheatre.com;Directed;True;False
pubmatic.com;adform.net;Directed;True;False
pubmatic.com;btrll.com;Directed;True;False
pubmatic.com;quantserve.com;Directed;True;False
pubmatic.com;de17a.com;Directed;False;False
minijuegos.com;doubleclick.net;Directed;True;True
smartadserver.com;bidswitch.net;Directed;True;False
smartadserver.com;id5-sync.com;Directed;True;False
minijuegos.com;360yield.com;Directed;True;True
minijuegos.com;doubleclick.net;Directed;True;True
smartadserver.com;bidswitch.net;Directed;True;False
smartadserver.com;powerlinks.com;Directed;True;False
minijuegos.com;spotxchange.com;Directed;True;True
minijuegos.com;imasdk.googleapis.com;Directed;False;False
smartadserver.com;id5-sync.com;Directed;True;False
doubleclick.net;weborama.fr;Directed;True;True
doubleclick.net;adnxs.com;Directed;True;True
agkn.com;adadvisor.net;Directed;False;False
minijuegos.com;360yield.com;Directed;True;True
smartadserver.com;adition.com;Directed;True;False
smartadserver.com;openx.net;Directed;True;False
doubleclick.net;spotxchange.com;Directed;True;True
minijuegos.com;googlesyndication.com;Directed;False;True
imasdk.googleapis.com;doubleclick.net;Directed;True;True
minijuegos.com;2mdn.net;Directed;False;True
imasdk.googleapis.com;googlesyndication.com;Directed;False;False
smartadserver.com;doubleclick.net;Directed;True;False
pubmatic.com;rockabox.co;Directed;True;False
minijuegos.com;adnxs.com;Directed;True;True
imasdk.googleapis.com;googlesyndication.com;Directed;False;False
imasdk.googleapis.com;googlesyndication.com;Directed;False;False
minijuegos.com;turn.com;Directed;True;True
minijuegos.com;bidswitch.net;Directed;True;True
smartadserver.com;adsrvr.org;Directed;True;True
smartadserver.com;adsrvr.org;Directed;True;True
imasdk.googleapis.com;doubleclick.net;Directed;True;True
minijuegos.com;adsrvr.org;Directed;True;True
doubleclick.net;smartadserver.com;Directed;True;True
smartadserver.com;erne.co;Directed;True;False
minijuegos.com;adform.net;Directed;True;True
minijuegos.com;adsrvr.org;Directed;True;True
smartadserver.com;bidswitch.net;Directed;True;True
doubleclick.net;weborama.fr;Directed;True;True
doubleclick.net;googlesyndication.com;Directed;False;True
smartadserver.com;powerlinks.com;Directed;True;False
imasdk.googleapis.com;googlesyndication.com;Directed;False;False
imasdk.googleapis.com;doubleclick.net;Directed;True;True
pubmatic.com;bidswitch.net;Directed;True;False
minijuegos.com;360yield.com;Directed;True;True
smartadserver.com;bidswitch.net;Directed;True;False
imasdk.googleapis.com;googlesyndication.com;Directed;False;False
imasdk.googleapis.com;googlesyndication.com;Directed;False;True
agkn.com;rundsp.com;Directed;True;True
imasdk.googleapis.com;googlesyndication.com;Directed;False;False
agkn.com;mathtag.com;Directed;True;False
minijuegos.com;spotxchange.com;Directed;True;True
minijuegos.com;googlesyndication.com;Directed;False;False
minijuegos.com;weborama.fr;Directed;True;False
minijuegos.com;adnxs.com;Directed;True;True
imasdk.googleapis.com;googlesyndication.com;Directed;False;False
minijuegos.com;360yield.com;Directed;True;True
imasdk.googleapis.com;outbid.io;Directed;False;False
minijuegos.com;adnxs.com;Directed;True;True
minijuegos.com;360yield.com;Directed;True;True
doubleclick.net;weborama.fr;Directed;True;True
googlesyndication.com;doubleclick.net;Directed;True;True
imasdk.googleapis.com;googlesyndication.com;Directed;False;False
smartadserver.com;powerlinks.com;Directed;True;False
doubleclick.net;weborama.fr;Directed;True;True
googlesyndication.com;doubleclick.net;Directed;True;True
smartadserver.com;adsymptotic.com;Directed;True;True
smartadserver.com;adsymptotic.com;Directed;True;True
imasdk.googleapis.com;googlesyndication.com;Directed;False;False
smartadserver.com;bluekai.com;Directed;True;False
minijuegos.com;googlesyndication.com;Directed;False;False
minijuegos.com;weborama.fr;Directed;True;False
minijuegos.com;4finance.com;Directed;True;True
doubleclick.net;adnxs.com;Directed;True;True
minijuegos.com;weborama.fr;Directed;True;False
doubleclick.net;weborama.fr;Directed;True;True
imasdk.googleapis.com;doubleclick.net;Directed;True;True
imasdk.googleapis.com;googlesyndication.com;Directed;False;False
minijuegos.com;bidswitch.net;Directed;True;True
imasdk.googleapis.com;googlesyndication.com;Directed;False;False
minijuegos.com;weborama.fr;Directed;True;False
googlesyndication.com;everesttech.net;Directed;True;True
minijuegos.com;tidaltv.com;Directed;True;True
minijuegos.com;adnxs.com;Directed;True;True
weborama.fr;createjs.com;Directed;False;True
minijuegos.com;adnxs.com;Directed;True;True
imasdk.googleapis.com;googlesyndication.com;Directed;False;False
minijuegos.com;360yield.com;Directed;True;True
googlesyndication.com;doubleclick.net;Directed;True;True
imasdk.googleapis.com;doubleclick.net;Directed;True;True
minijuegos.com;spotxchange.com;Directed;True;True
minijuegos.com;googlesyndication.com;Directed;False;True
googlesyndication.com;extend.tv;Directed;True;True
imasdk.googleapis.com;googlesyndication.com;Directed;False;False
googlesyndication.com;doubleclick.net;Directed;True;True
minijuegos.com;weborama.fr;Directed;True;False
weborama.fr;adrcdn.com;Directed;False;True
smartadserver.com;adsymptotic.com;Directed;True;False
smartadserver.com;adsrvr.org;Directed;True;True
imasdk.googleapis.com;serving-sys.com;Directed;True;True
imasdk.googleapis.com;youtube.com;Directed;True;True
minijuegos.com;mathtag.com;Directed;True;True
imasdk.googleapis.com;doubleclick.net;Directed;True;True
imasdk.googleapis.com;doubleclick.net;Directed;True;True
imasdk.googleapis.com;youtube.com;Directed;True;True
imasdk.googleapis.com;serving-sys.com;Directed;True;True
minijuegos.com;spotxchange.com;Directed;True;True
youtube.com;doubleclick.net;Directed;True;True
youtube.com;doubleclick.net;Directed;True;True
smartadserver.com;adsymptotic.com;Directed;True;True
imasdk.googleapis.com;gstatic.com;Directed;True;True
imasdk.googleapis.com;doubleclick.net;Directed;True;True
imasdk.googleapis.com;serving-sys.com;Directed;True;True
imasdk.googleapis.com;doubleclick.net;Directed;True;True
imasdk.googleapis.com;googlesyndication.com;Directed;False;True
imasdk.googleapis.com;doubleclick.net;Directed;True;True
imasdk.googleapis.com;doubleclick.net;Directed;True;True
imasdk.googleapis.com;serving-sys.com;Directed;True;True
imasdk.googleapis.com;googlesyndication.com;Directed;False;False
imasdk.googleapis.com;doubleclick.net;Directed;True;True
imasdk.googleapis.com;googlesyndication.com;Directed;False;False
imasdk.googleapis.com;doubleclick.net;Directed;True;True
imasdk.googleapis.com;googlesyndication.com;Directed;False;True
imasdk.googleapis.com;googlesyndication.com;Directed;False;True
imasdk.googleapis.com;serving-sys.com;Directed;True;True
imasdk.googleapis.com;serving-sys.com;Directed;True;True
imasdk.googleapis.com;googlesyndication.com;Directed;False;False
imasdk.googleapis.com;googlesyndication.com;Directed;False;False
imasdk.googleapis.com;googlesyndication.com;Directed;False;True
imasdk.googleapis.com;googlesyndication.com;Directed;False;False
imasdk.googleapis.com;scorecardresearch.com;Directed;True;True
minijuegos.com;adap.tv;Directed;False;True
imasdk.googleapis.com;googlesyndication.com;Directed;False;False
imasdk.googleapis.com;stickyadstv.com;Directed;True;True
minijuegos.com;advertising.com;Directed;True;True
imasdk.googleapis.com;googlesyndication.com;Directed;False;False
imasdk.googleapis.com;googlesyndication.com;Directed;False;False
minijuegos.com;spotxchange.com;Directed;True;True
imasdk.googleapis.com;yahoo.com;Directed;True;True
imasdk.googleapis.com;doubleclick.net;Directed;True;True
imasdk.googleapis.com;googlesyndication.com;Directed;False;False
imasdk.googleapis.com;stickyadstv.com;Directed;True;True
imasdk.googleapis.com;googlesyndication.com;Directed;False;False
imasdk.googleapis.com;yahoo.com;Directed;True;True
imasdk.googleapis.com;googlesyndication.com;Directed;False;False
minijuegos.com;adition.com;Directed;True;True
minijuegos.com;minijuegosgratis.com;Directed;True;True
minijuegos.com;minijuegosgratis.com;Directed;True;True
minijuegos.com;spotxchange.com;Directed;True;True
minijuegos.com;facebook.com;Directed;True;True
minijuegos.com;facebook.com;Directed;True;True
minijuegos.com;pingdom.net;Directed;True;False
minijuegos.com;pingdom.net;Directed;False;False
minijuegos.com;gamedistribution.com;Directed;False;False
minijuegos.com;tunnl.com;Directed;True;False
minijuegos.com;gamedistribution.com;Directed;False;False
minijuegos.com;gamedistribution.com;Directed;False;False
minijuegos.com;tunnl.com;Directed;True;False
tunnl.com;ajax.googleapis.com;Directed;False;False
tunnl.com;ajax.googleapis.com;Directed;False;False
tunnl.com;ajax.googleapis.com;Directed;False;False
tunnl.com;imasdk.googleapis.com;Directed;False;False
minijuegos.com;weborama.fr;Directed;True;False
minijuegos.com;minijuegosgratis.com;Directed;True;True
minijuegos.com;minijuegosgratis.com;Directed;True;True
minijuegos.com;minijuegosgratis.com;Directed;True;True
minijuegos.com;minijuegosgratis.com;Directed;True;True
minijuegos.com;minijuegosgratis.com;Directed;True;True
minijuegos.com;minijuegosgratis.com;Directed;True;True
minijuegos.com;minijuegosgratis.com;Directed;True;True
minijuegos.com;minijuegosgratis.com;Directed;True;True
minijuegos.com;minijuegosgratis.com;Directed;True;True
minijuegos.com;minijuegosgratis.com;Directed;True;True
minijuegos.com;minijuegosgratis.com;Directed;True;True
minijuegos.com;minijuegosgratis.com;Directed;True;True
minijuegos.com;minijuegosgratis.com;Directed;True;True
minijuegos.com;minijuegosgratis.com;Directed;True;True
minijuegos.com;minijuegosgratis.com;Directed;True;True
minijuegos.com;minijuegosgratis.com;Directed;True;True
minijuegos.com;minijuegosgratis.com;Directed;True;True
minijuegos.com;minijuegosgratis.com;Directed;True;True
minijuegos.com;minijuegosgratis.com;Directed;True;True
minijuegos.com;minijuegosgratis.com;Directed;True;True
minijuegos.com;minijuegosgratis.com;Directed;True;True
minijuegos.com;minijuegosgratis.com;Directed;True;True
minijuegos.com;minijuegosgratis.com;Directed;True;True
minijuegos.com;minijuegosgratis.com;Directed;True;True
minijuegos.com;minijuegosgratis.com;Directed;True;True
minijuegos.com;minijuegosgratis.com;Directed;True;True
minijuegos.com;minijuegosgratis.com;Directed;True;True
minijuegos.com;minijuegosgratis.com;Directed;True;True
minijuegos.com;minijuegosgratis.com;Directed;True;True
minijuegos.com;minijuegosgratis.com;Directed;True;True
minijuegos.com;minijuegosgratis.com;Directed;True;True
minijuegos.com;minijuegosgratis.com;Directed;True;True
minijuegos.com;minijuegosgratis.com;Directed;True;True
minijuegos.com;minijuegosgratis.com;Directed;True;True
minijuegos.com;minijuegosgratis.com;Directed;True;True
minijuegos.com;minijuegosgratis.com;Directed;True;True
minijuegos.com;google-analytics.com;Directed;False;True
minijuegos.com;minijuegosgratis.com;Directed;True;True
minijuegos.com;minijuegosgratis.com;Directed;True;True
minijuegos.com;minijuegosgratis.com;Directed;True;True
minijuegos.com;minijuegosgratis.com;Directed;True;True
minijuegos.com;minijuegosgratis.com;Directed;True;True
minijuegos.com;minijuegosgratis.com;Directed;True;True
minijuegos.com;minijuegosgratis.com;Directed;True;True
minijuegos.com;minijuegosgratis.com;Directed;True;True
minijuegos.com;minijuegosgratis.com;Directed;True;True
minijuegos.com;minijuegosgratis.com;Directed;True;True
minijuegos.com;minijuegosgratis.com;Directed;True;True
minijuegos.com;minijuegosgratis.com;Directed;True;True
minijuegos.com;minijuegosgratis.com;Directed;True;True
minijuegos.com;minijuegosgratis.com;Directed;True;True
minijuegos.com;minijuegosgratis.com;Directed;True;True
minijuegos.com;minijuegosgratis.com;Directed;True;True
minijuegos.com;dnn506yrbagrg.cloudfront.net;Directed;False;False
minijuegos.com;minijuegosgratis.com;Directed;True;True
minijuegos.com;minijuegosgratis.com;Directed;True;True
minijuegos.com;facebook.com;Directed;True;True
minijuegos.com;minijuegosgratis.com;Directed;True;True
minijuegos.com;minijuegosgratis.com;Directed;True;True
minijuegos.com;minijuegosgratis.com;Directed;True;True
minijuegos.com;minijuegosgratis.com;Directed;True;True
minijuegos.com;minijuegosgratis.com;Directed;True;True
minijuegos.com;richaudience.com;Directed;False;False
minijuegos.com;minijuegosgratis.com;Directed;True;True
minijuegos.com;minijuegosgratis.com;Directed;True;True
minijuegos.com;minijuegosgratis.com;Directed;True;True
minijuegos.com;minijuegosgratis.com;Directed;True;True
minijuegos.com;minijuegosgratis.com;Directed;True;True
minijuegos.com;minijuegosgratis.com;Directed;True;True
minijuegos.com;minijuegosgratis.com;Directed;True;True
minijuegos.com;minijuegosgratis.com;Directed;True;True
minijuegos.com;minijuegosgratis.com;Directed;True;True
minijuegos.com;minijuegosgratis.com;Directed;True;True
minijuegos.com;minijuegosgratis.com;Directed;True;True
minijuegos.com;minijuegosgratis.com;Directed;True;True
minijuegos.com;minijuegosgratis.com;Directed;True;True
minijuegos.com;minijuegosgratis.com;Directed;True;True
minijuegos.com;minijuegosgratis.com;Directed;True;True
minijuegos.com;minijuegosgratis.com;Directed;True;True
minijuegos.com;minijuegosgratis.com;Directed;True;True
minijuegos.com;minijuegosgratis.com;Directed;True;True
minijuegos.com;minijuegosgratis.com;Directed;True;True
minijuegos.com;minijuegosgratis.com;Directed;True;True
minijuegos.com;minijuegosgratis.com;Directed;True;True
minijuegos.com;minijuegosgratis.com;Directed;True;True
minijuegos.com;minijuegosgratis.com;Directed;True;True
minijuegos.com;minijuegosgratis.com;Directed;True;True
minijuegos.com;minijuegosgratis.com;Directed;True;True
minijuegos.com;minijuegosgratis.com;Directed;True;True
minijuegos.com;minijuegosgratis.com;Directed;True;True
minijuegos.com;minijuegosgratis.com;Directed;True;True
minijuegos.com;minijuegosgratis.com;Directed;True;True
minijuegos.com;minijuegosgratis.com;Directed;True;True
minijuegos.com;minijuegosgratis.com;Directed;True;True
minijuegos.com;minijuegosgratis.com;Directed;True;True
minijuegos.com;minijuegosgratis.com;Directed;True;True
minijuegos.com;minijuegosgratis.com;Directed;True;True
minijuegos.com;minijuegosgratis.com;Directed;True;True
minijuegos.com;minijuegosgratis.com;Directed;True;True
minijuegos.com;minijuegosgratis.com;Directed;True;True
minijuegos.com;minijuegosgratis.com;Directed;True;True
minijuegos.com;minijuegosgratis.com;Directed;True;True
minijuegos.com;minijuegosgratis.com;Directed;True;True
minijuegos.com;minijuegosgratis.com;Directed;True;True
minijuegos.com;minijuegosgratis.com;Directed;True;True
minijuegos.com;minijuegosgratis.com;Directed;True;True
minijuegos.com;minijuegosgratis.com;Directed;True;True
minijuegos.com;minijuegosgratis.com;Directed;True;True
minijuegos.com;minijuegosgratis.com;Directed;True;True
minijuegos.com;minijuegosgratis.com;Directed;True;True
minijuegos.com;minijuegosgratis.com;Directed;True;True
minijuegos.com;minijuegosgratis.com;Directed;True;True
minijuegos.com;scorecardresearch.com;Directed;True;False
minijuegos.com;mobusi.com;Directed;False;True
minijuegos.com;moosite.com;Directed;True;True
minijuegos.com;moosite.com;Directed;True;True
minijuegos.com;moosite.com;Directed;True;True
minijuegos.com;facebook.com;Directed;True;True
minijuegos.com;facebook.com;Directed;True;True
minijuegos.com;facebook.com;Directed;True;True
minijuegos.com;facebook.com;Directed;True;True
minijuegos.com;facebook.com;Directed;True;True
minijuegos.com;pingdom.net;Directed;False;False
minijuegos.com;pingdom.net;Directed;True;False
minijuegos.com;richmediastudio.com;Directed;False;True
minijuegos.com;richaudience.com;Directed;False;True
minijuegos.com;richaudience.com;Directed;False;False
richaudience.com;doubleclick.net;Directed;True;True
minijuegos.com;audience.network;Directed;False;False
richaudience.com;facebook.com;Directed;True;True
richaudience.com;everesttech.net;Directed;True;True
richaudience.com;mathtag.com;Directed;True;True
richaudience.com;facebook.com;Directed;True;True
richaudience.com;facebook.com;Directed;True;True
minijuegos.com;richaudience.com;Directed;False;False
richaudience.com;audience.network;Directed;False;True
richaudience.com;angsrvr.com;Directed;True;True
richaudience.com;yume.com;Directed;True;True
seriesblanco.com;fonts.googleapis.com;Directed;False;True
seriesblanco.com;chatango.com;Directed;True;True
seriesblanco.com;facebook.net;Directed;False;True
seriesblanco.com;chatango.com;Directed;False;True
seriesblanco.com;coinhive.com;Directed;False;True
seriesblanco.com;facebook.com;Directed;True;True
seriesblanco.com;facebook.com;Directed;True;True
facebook.com;fbcdn.net;Directed;False;True
facebook.com;fbcdn.net;Directed;False;True
seriesblanco.com;chatango.com;Directed;True;True
seriesblanco.com;facebook.com;Directed;True;True
seriesblanco.com;jquery.com;Directed;True;True
seriesblanco.com;chatango.com;Directed;False;True
seriesblanco.com;cloudflare.com;Directed;True;True
seriesblanco.com;facebook.com;Directed;True;True
seriesblanco.com;facebook.com;Directed;True;True
seriesblanco.com;facebook.com;Directed;True;True
facebook.com;fbcdn.net;Directed;False;True
facebook.com;fbcdn.net;Directed;False;True
seriesblanco.com;photobucket.com;Directed;False;True
seriesblanco.com;chatango.com;Directed;True;True
seriesblanco.com;facebook.com;Directed;True;True
seriesblanco.com;chatango.com;Directed;False;True
seriesblanco.com;facebook.com;Directed;True;True
seriesblanco.com;facebook.com;Directed;True;True
seriesblanco.com;facebook.com;Directed;True;True
google.es;google.com;Directed;True;True
google.es;thepiratebay-proxylist.org;Directed;False;True
thepiratebay-proxylist.org;fonts.googleapis.com;Directed;False;True
thepiratebay-proxylist.org;cloudflare.com;Directed;True;True
thepiratebay-proxylist.org;cloudflare.com;Directed;True;True
thepiratebay-proxylist.org;cloudflare.com;Directed;True;True
thepiratebay-proxylist.org;cloudflare.com;Directed;True;True
thepiratebay-proxylist.org;cloudflare.com;Directed;True;True
thepiratebay-proxylist.org;cloudflare.com;Directed;True;True
thepiratebay-proxylist.org;cloudflare.com;Directed;True;True
thepiratebay-proxylist.org;cloudflare.com;Directed;True;True
thepiratebay-proxylist.org;cloudflare.com;Directed;True;True
thepiratebay-proxylist.org;cloudflare.com;Directed;True;True
thepiratebay-proxylist.org;cloudflare.com;Directed;False;True
thepiratebay-proxylist.org;cloudflare.com;Directed;False;True
thepiratebay-proxylist.org;ssl-images-amazon.com;Directed;False;True
thepiratebay-proxylist.org;ssl-images-amazon.com;Directed;False;True
thepiratebay-proxylist.org;ssl-images-amazon.com;Directed;False;True
thepiratebay-proxylist.org;ssl-images-amazon.com;Directed;False;True
thepiratebay-proxylist.org;google-analytics.com;Directed;False;True
thepiratebay-proxylist.org;ssl-images-amazon.com;Directed;False;True
thepiratebay-proxylist.org;batpirate.info;Directed;False;True
thepiratebay-proxylist.org;google-analytics.com;Directed;False;True
thepiratebay-proxylist.org;ahoypirate.click;Directed;False;True
thepiratebay-proxylist.org;google-analytics.com;Directed;False;True
thepiratebay-proxylist.org;google-analytics.com;Directed;False;True
thepiratebay-proxylist.org;proxyspotting.in;Directed;False;True
thepiratebay-proxylist.org;google-analytics.com;Directed;False;True
thepiratebay-proxylist.org;ukpirateproxy.xyz;Directed;False;True
thepiratebay-proxylist.org;google-analytics.com;Directed;False;True
thepiratebay-proxylist.org;batpirate.info;Directed;True;True
thepiratebay-proxylist.org;google-analytics.com;Directed;False;True
batpirate.info;coinhive.com;Directed;False;True
batpirate.info;google-analytics.com;Directed;False;True
batpirate.info;google-analytics.com;Directed;False;True
batpirate.info;coinhive.com;Directed;False;True
batpirate.info;coinhive.com;Directed;False;True
batpirate.info;google-analytics.com;Directed;False;True
batpirate.info;google-analytics.com;Directed;False;True
google.es;google.com;Directed;True;True
google.es;pornhub.com;Directed;False;True
pornhub.com;phncdn.com;Directed;False;True
pornhub.com;phncdn.com;Directed;False;True
pornhub.com;phncdn.com;Directed;False;True
pornhub.com;phncdn.com;Directed;False;True
pornhub.com;phncdn.com;Directed;False;True
pornhub.com;phncdn.com;Directed;False;True
pornhub.com;phncdn.com;Directed;False;True
pornhub.com;phncdn.com;Directed;False;True
pornhub.com;phncdn.com;Directed;False;True
pornhub.com;phncdn.com;Directed;False;True
pornhub.com;phncdn.com;Directed;False;True
pornhub.com;phncdn.com;Directed;False;True
phncdn.com;fonts.googleapis.com;Directed;False;True
pornhub.com;phncdn.com;Directed;False;True
pornhub.com;phncdn.com;Directed;False;True
pornhub.com;phncdn.com;Directed;False;True
pornhub.com;phncdn.com;Directed;False;True
pornhub.com;phncdn.com;Directed;False;True
pornhub.com;phncdn.com;Directed;False;True
pornhub.com;phncdn.com;Directed;False;True
pornhub.com;phncdn.com;Directed;False;True
pornhub.com;phncdn.com;Directed;False;True
pornhub.com;phncdn.com;Directed;False;True
pornhub.com;phncdn.com;Directed;False;True
pornhub.com;phncdn.com;Directed;False;True
pornhub.com;phncdn.com;Directed;False;True
pornhub.com;phncdn.com;Directed;False;True
pornhub.com;phncdn.com;Directed;False;True
pornhub.com;phncdn.com;Directed;False;True
pornhub.com;phncdn.com;Directed;False;True
pornhub.com;phncdn.com;Directed;False;True
pornhub.com;phncdn.com;Directed;False;True
pornhub.com;phncdn.com;Directed;False;True
pornhub.com;phncdn.com;Directed;False;True
pornhub.com;phncdn.com;Directed;False;True
pornhub.com;phncdn.com;Directed;False;True
pornhub.com;phncdn.com;Directed;False;True
pornhub.com;phncdn.com;Directed;False;True
pornhub.com;phncdn.com;Directed;False;True
pornhub.com;phncdn.com;Directed;False;True
pornhub.com;phncdn.com;Directed;False;True
pornhub.com;phncdn.com;Directed;False;True
pornhub.com;phncdn.com;Directed;False;True
pornhub.com;phncdn.com;Directed;False;True
pornhub.com;phncdn.com;Directed;False;True
pornhub.com;phncdn.com;Directed;False;True
pornhub.com;phncdn.com;Directed;False;True
pornhub.com;phncdn.com;Directed;False;True
pornhub.com;phncdn.com;Directed;False;True
pornhub.com;phncdn.com;Directed;False;True
pornhub.com;phncdn.com;Directed;False;True
pornhub.com;phncdn.com;Directed;False;True
pornhub.com;phncdn.com;Directed;False;True
pornhub.com;phncdn.com;Directed;False;True
pornhub.com;phncdn.com;Directed;False;True
pornhub.com;phncdn.com;Directed;False;True
pornhub.com;phncdn.com;Directed;False;True
pornhub.com;phncdn.com;Directed;False;True
pornhub.com;phncdn.com;Directed;False;True
pornhub.com;phncdn.com;Directed;False;True
pornhub.com;phncdn.com;Directed;False;True
pornhub.com;phncdn.com;Directed;False;True
pornhub.com;phncdn.com;Directed;False;True
pornhub.com;phncdn.com;Directed;False;True
pornhub.com;phncdn.com;Directed;False;True
pornhub.com;phncdn.com;Directed;False;True
pornhub.com;phncdn.com;Directed;False;True
pornhub.com;phncdn.com;Directed;False;True
pornhub.com;phncdn.com;Directed;False;True
pornhub.com;phncdn.com;Directed;False;True
pornhub.com;phncdn.com;Directed;False;True
pornhub.com;phncdn.com;Directed;False;True
pornhub.com;phncdn.com;Directed;False;True
pornhub.com;phncdn.com;Directed;False;True
pornhub.com;phncdn.com;Directed;False;True
pornhub.com;phncdn.com;Directed;False;True
pornhub.com;phncdn.com;Directed;False;True
pornhub.com;phncdn.com;Directed;False;True
pornhub.com;phncdn.com;Directed;False;True
pornhub.com;phncdn.com;Directed;False;True
pornhub.com;phncdn.com;Directed;False;True
pornhub.com;phncdn.com;Directed;False;True
pornhub.com;phncdn.com;Directed;False;True
pornhub.com;phncdn.com;Directed;False;True
pornhub.com;phncdn.com;Directed;False;True
pornhub.com;phncdn.com;Directed;False;True
pornhub.com;phncdn.com;Directed;False;True
pornhub.com;phncdn.com;Directed;False;True
pornhub.com;phncdn.com;Directed;False;True
pornhub.com;phncdn.com;Directed;False;True
pornhub.com;phncdn.com;Directed;False;True
pornhub.com;phncdn.com;Directed;False;True
pornhub.com;phncdn.com;Directed;False;True
pornhub.com;phncdn.com;Directed;False;True
pornhub.com;phncdn.com;Directed;False;True
pornhub.com;phncdn.com;Directed;False;True
pornhub.com;phncdn.com;Directed;False;True
pornhub.com;phncdn.com;Directed;False;True
pornhub.com;phncdn.com;Directed;False;True
pornhub.com;phncdn.com;Directed;False;True
pornhub.com;phncdn.com;Directed;False;True
pornhub.com;phncdn.com;Directed;False;True
pornhub.com;phncdn.com;Directed;False;True
pornhub.com;phncdn.com;Directed;False;True
pornhub.com;phncdn.com;Directed;False;True
pornhub.com;phncdn.com;Directed;False;True
pornhub.com;phncdn.com;Directed;False;True
pornhub.com;phncdn.com;Directed;False;True
pornhub.com;phncdn.com;Directed;False;True
pornhub.com;phncdn.com;Directed;False;True
pornhub.com;phncdn.com;Directed;False;True
pornhub.com;phncdn.com;Directed;False;True
pornhub.com;phncdn.com;Directed;False;True
pornhub.com;phncdn.com;Directed;False;True
pornhub.com;phncdn.com;Directed;False;True
pornhub.com;phncdn.com;Directed;False;True
pornhub.com;phncdn.com;Directed;False;True
pornhub.com;phncdn.com;Directed;False;True
pornhub.com;phncdn.com;Directed;False;True
pornhub.com;phncdn.com;Directed;False;True
pornhub.com;nsimg.net;Directed;False;True
pornhub.com;nsimg.net;Directed;False;True
pornhub.com;nsimg.net;Directed;False;True
pornhub.com;nsimg.net;Directed;False;True
pornhub.com;phncdn.com;Directed;False;True
pornhub.com;phncdn.com;Directed;False;True
pornhub.com;phncdn.com;Directed;False;True
pornhub.com;phncdn.com;Directed;False;True
pornhub.com;phncdn.com;Directed;False;True
pornhub.com;phncdn.com;Directed;False;True
pornhub.com;phncdn.com;Directed;False;True
pornhub.com;phncdn.com;Directed;False;True
pornhub.com;phncdn.com;Directed;False;True
pornhub.com;phncdn.com;Directed;False;True
pornhub.com;phncdn.com;Directed;False;True
pornhub.com;phncdn.com;Directed;False;True
pornhub.com;phncdn.com;Directed;False;True
pornhub.com;phncdn.com;Directed;False;True
pornhub.com;phncdn.com;Directed;False;True
pornhub.com;phncdn.com;Directed;False;True
pornhub.com;phncdn.com;Directed;False;True
pornhub.com;phncdn.com;Directed;False;True
pornhub.com;phncdn.com;Directed;False;True
pornhub.com;phncdn.com;Directed;False;True
pornhub.com;phncdn.com;Directed;False;True
pornhub.com;phncdn.com;Directed;False;True
pornhub.com;phncdn.com;Directed;False;True
google.es;google.com;Directed;True;True
google.es;forocoches.com;Directed;True;True
forocoches.com;googletagmanager.com;Directed;False;True
forocoches.com;krxd.net;Directed;True;True
forocoches.com;mathtag.com;Directed;True;True
forocoches.com;facebook.net;Directed;False;True
forocoches.com;krxd.net;Directed;True;True
forocoches.com;mathtag.com;Directed;True;True
forocoches.com;krxd.net;Directed;True;True
forocoches.com;facebook.com;Directed;True;True
forocoches.com;mathtag.com;Directed;True;True
forocoches.com;trugaze.io;Directed;False;True
forocoches.com;facebook.com;Directed;True;True
krxd.net;mathtag.com;Directed;True;True
krxd.net;scorecardresearch.com;Directed;True;True
krxd.net;bluekai.com;Directed;True;True
forocoches.com;trugaze.io;Directed;False;True
krxd.net;exelator.com;Directed;True;True
forocoches.com;facebook.com;Directed;True;True
forocoches.com;trugaze.io;Directed;True;True
krxd.net;criteo.com;Directed;True;True
forocoches.com;trugaze.io;Directed;True;True
krxd.net;exelator.com;Directed;True;True
forocoches.com;ajax.googleapis.com;Directed;False;True
forocoches.com;realtime.co;Directed;False;True
forocoches.com;adcell.io;Directed;False;True
forocoches.com;krxd.net;Directed;True;True
mathtag.com;doubleclick.net;Directed;True;True
forocoches.com;googleadservices.com;Directed;False;True
forocoches.com;krxd.net;Directed;True;True
krxd.net;visualdna.com;Directed;True;True
forocoches.com;facebook.com;Directed;True;True
forocoches.com;krxd.net;Directed;True;True
mathtag.com;crwdcntrl.net;Directed;True;True
forocoches.com;doubleclick.net;Directed;True;True
forocoches.com;doubleclick.net;Directed;True;True
mathtag.com;liadm.com;Directed;True;True
forocoches.com;google.es;Directed;True;True
forocoches.com;google.com;Directed;True;True
forocoches.com;google.es;Directed;True;True
forocoches.com;google.com;Directed;True;True
forocoches.com;realtime.co;Directed;False;True
forocoches.com;ajax.googleapis.com;Directed;False;True
forocoches.com;ajax.googleapis.com;Directed;False;True
forocoches.com;google-analytics.com;Directed;False;True
forocoches.com;mathtag.com;Directed;True;True
forocoches.com;facebook.com;Directed;True;True
forocoches.com;doubleclick.net;Directed;True;True
forocoches.com;trugaze.io;Directed;True;True
forocoches.com;doubleclick.net;Directed;True;True
forocoches.com;mathtag.com;Directed;True;True
forocoches.com;mathtag.com;Directed;True;True
forocoches.com;trugaze.io;Directed;True;True
forocoches.com;google.com;Directed;True;True
forocoches.com;google.es;Directed;True;True
forocoches.com;facebook.com;Directed;True;True
forocoches.com;realtime.co;Directed;False;True
forocoches.com;facebook.com;Directed;True;True
forocoches.com;facebook.com;Directed;True;True
forocoches.com;krxd.net;Directed;True;True
forocoches.com;krxd.net;Directed;True;True
forocoches.com;doubleclick.net;Directed;True;True
forocoches.com;krxd.net;Directed;True;True
forocoches.com;google.com;Directed;True;True
forocoches.com;google.es;Directed;True;True
